t,V1,V2,V3,V4
-0.33,-1.69E-03,-0.014265,-0.017181,-0.011659
-0.3295,8.40E-03,-0.026,-0.015171,0.017316
-0.329,-8.08E-03,9.77E-03,-0.011505,-0.014163
-0.3285,0.016562,5.15E-03,0.014458,-6.13E-03
-0.328,4.49E-03,-0.019555,-0.020584,-0.018931
-0.3275,-0.014941,-5.44E-03,0.022736,-0.035666
-0.327,6.57E-03,-8.07E-03,-0.039697,-0.035825
-0.3265,5.20E-03,0.018078,-6.77E-03,-9.91E-05
-0.326,-0.010566,1.51E-03,0.013469,-1.97E-03
-0.3255,1.84E-03,0.015158,0.018421,-2.85E-03
-0.325,6.28E-03,-0.011548,0.010076,5.06E-03
-0.3245,3.06E-03,6.40E-03,-6.01E-03,0.033535
-0.324,-0.020211,3.38E-03,7.90E-04,-0.014422
-0.3235,7.64E-03,4.54E-03,0.018269,-0.021922
-0.323,6.17E-03,-7.68E-03,-0.027597,-0.035049
-0.3225,0.021783,-6.79E-03,-1.90E-03,-8.05E-03
-0.322,-9.61E-03,-9.83E-03,-0.014831,-0.021428
-0.3215,3.60E-03,-0.022909,-0.02455,0.013969
-0.321,-4.65E-04,-0.020587,0.025259,0.01735
-0.3205,-4.50E-03,-6.42E-03,3.94E-03,8.58E-03
-0.32,-5.55E-03,9.85E-03,-1.75E-03,-4.30E-03
-0.3195,-4.99E-03,2.12E-03,-0.043309,-0.012676
-0.319,0.017136,-0.02329,-0.019312,6.78E-03
-0.3185,0.012069,0.028512,0.014292,0.021315
-0.318,0.012521,0.019717,1.34E-03,-0.017809
-0.3175,4.31E-03,-0.023706,9.77E-03,0.03121
-0.317,1.45E-03,1.90E-03,0.025526,-3.35E-03
-0.3165,-0.016888,0.022193,-0.017078,1.33E-03
-0.316,-2.16E-03,-0.013702,0.030786,-3.04E-03
-0.3155,-0.016497,-0.013696,-0.021204,0.017131
-0.315,0.012282,-0.023934,0.018232,-6.87E-03
-0.3145,5.09E-03,-0.015032,-0.027388,-0.03658
-0.314,-0.014391,-6.26E-03,-0.018285,1.34E-04
-0.3135,-1.63E-03,-3.52E-03,-0.050747,0.029059
-0.313,-5.82E-03,0.014593,6.62E-03,-0.010537
-0.3125,-6.18E-03,-0.012305,7.99E-03,-0.017993
-0.312,2.55E-03,-0.015163,-0.010239,0.015781
-0.3115,-0.01326,-0.015907,-2.28E-03,-2.61E-03
-0.311,0.024709,0.021799,0.016008,0.041421
-0.3105,1.87E-03,3.81E-03,-0.012449,-1.80E-03
-0.31,-7.00E-03,7.29E-03,0.013047,-8.41E-03
-0.3095,-0.010821,-0.017556,9.27E-03,4.85E-03
-0.309,-3.36E-03,-0.020357,0.012075,-0.030458
-0.3085,5.35E-03,0.04705,-0.014322,1.04E-03
-0.308,-3.54E-03,3.17E-03,7.11E-04,3.88E-03
-0.3075,-1.65E-03,-2.21E-03,0.01579,5.84E-03
-0.307,5.48E-04,4.48E-03,6.11E-03,7.59E-03
-0.3065,-9.66E-03,0.012843,9.47E-05,3.03E-04
-0.306,3.60E-03,3.25E-03,-5.11E-04,0.013029
-0.3055,4.83E-03,0.013269,-4.43E-03,0.011127
-0.305,-0.013104,0.012715,-5.26E-03,0.041478
-0.3045,0.012101,-0.013205,-6.88E-03,0.024057
-0.304,-7.73E-03,1.05E-04,7.12E-03,-0.017515
-0.3035,-6.69E-03,0.021241,0.03032,4.25E-03
-0.303,0.022979,0.020749,5.17E-03,0.01598
-0.3025,0.014379,8.42E-03,-0.014727,0.039851
-0.302,-4.00E-03,-6.65E-03,0.01272,0.030158
-0.3015,0.018241,0.018817,-2.45E-03,0.018334
-0.301,-9.10E-03,9.68E-03,-5.67E-03,0.022557
-0.3005,8.92E-03,8.04E-03,1.52E-03,0.014665
-0.3,4.13E-03,0.021678,-0.022451,0.010516
-0.2995,9.52E-04,3.98E-03,-9.78E-03,-0.010064
-0.299,1.15E-03,-0.015175,0.01639,7.69E-03
-0.2985,-0.012869,0.013094,0.021032,-5.99E-03
-0.298,-0.018484,-0.013779,-6.35E-03,-0.014964
-0.2975,0.017387,0.010542,-0.017489,0.022322
-0.297,0.014174,-5.64E-03,0.022241,-1.83E-03
-0.2965,6.51E-03,-0.016956,7.97E-03,0.029084
-0.296,-7.92E-03,2.21E-03,-1.06E-03,0.015492
-0.2955,-0.015398,-4.64E-03,4.13E-03,-4.80E-03
-0.295,0.016747,-0.014024,0.024192,0.017159
-0.2945,-0.014244,-3.27E-03,6.48E-03,5.93E-03
-0.294,2.69E-03,-0.021836,-2.65E-03,-0.031266
-0.2935,0.022468,3.48E-03,-0.014054,3.09E-03
-0.293,-4.36E-03,-0.014852,0.015201,-9.15E-04
-0.2925,6.38E-03,-4.77E-03,8.54E-03,0.035708
-0.292,-0.01805,-8.48E-03,0.028448,0.023743
-0.2915,-7.51E-04,-3.42E-03,9.87E-03,0.019738
-0.291,2.20E-03,0.017907,-0.014199,-0.018737
-0.2905,-4.73E-03,-2.05E-04,-0.010042,-0.031561
-0.29,7.82E-03,-9.95E-03,-0.014932,-0.024444
-0.2895,-5.47E-03,6.11E-03,0.016261,6.27E-03
-0.289,-5.13E-03,-1.48E-03,-0.018181,-2.96E-03
-0.2885,2.46E-03,-0.012818,-4.83E-03,4.01E-03
-0.288,0.010906,0.011029,-1.23E-03,-0.010724
-0.2875,4.46E-03,0.03104,2.11E-03,3.09E-03
-0.287,-1.53E-03,0.021444,-0.019071,5.01E-03
-0.2865,-8.69E-04,6.79E-03,0.022237,0.020915
-0.286,-5.69E-03,-0.011825,-0.033745,-0.02055
-0.2855,0.013633,7.20E-03,0.019494,-0.010039
-0.285,7.55E-03,-0.031932,-9.93E-03,0.016137
-0.2845,-0.025497,-3.41E-03,-0.012562,0.020897
-0.284,-7.36E-03,0.019409,-0.016706,-1.40E-03
-0.2835,-3.68E-03,-1.87E-03,-4.11E-03,6.42E-03
-0.283,0.010429,0.011194,-9.59E-03,-0.010519
-0.2825,-0.016536,-0.012486,0.017679,-0.02738
-0.282,-3.95E-03,8.08E-03,0.012345,-6.14E-03
-0.2815,-2.42E-03,0.015523,0.020231,4.34E-03
-0.281,1.86E-03,9.88E-03,8.19E-03,0.011185
-0.2805,-3.46E-03,-4.45E-03,-1.66E-03,1.21E-03
-0.28,-9.13E-03,-0.017912,0.027132,0.015546
-0.2795,0.021917,-0.02105,-4.31E-03,7.75E-04
-0.279,0.013248,0.021101,0.011619,0.015652
-0.2785,-9.51E-03,0.027955,-0.021609,6.75E-03
-0.278,0.011195,3.96E-03,0.031602,-0.013568
-0.2775,0.011532,7.16E-03,-0.026692,6.62E-03
-0.277,-0.024599,-0.011421,-0.036075,0.010758
-0.2765,2.47E-03,6.68E-03,0.022219,0.013159
-0.276,-0.011189,5.75E-03,-7.08E-03,-0.013121
-0.2755,0.010547,-3.75E-03,0.015403,0.011829
-0.275,-0.010105,2.11E-03,-1.13E-03,3.18E-03
-0.2745,9.30E-03,8.17E-03,1.61E-03,8.14E-03
-0.274,9.06E-04,7.03E-03,0.014267,-0.022132
-0.2735,6.14E-03,8.63E-03,-0.022148,-0.019374
-0.273,0.022697,9.31E-03,0.012567,8.80E-03
-0.2725,0.011813,-3.55E-03,0.019492,0.018035
-0.272,0.035702,9.62E-03,-2.21E-03,-9.21E-04
-0.2715,0.010364,-0.016188,-0.035641,0.022238
-0.271,-5.35E-03,6.04E-03,1.62E-03,0.031108
-0.2705,-6.77E-03,0.016959,8.61E-03,-0.012391
-0.27,1.98E-03,-0.019279,-0.025923,-7.18E-03
-0.2695,-0.013425,2.54E-03,0.027307,0.021126
-0.269,0.02139,0.021173,-0.018334,-0.011295
-0.2685,-8.77E-03,5.84E-04,-4.43E-03,0.02339
-0.268,6.89E-03,0.010578,-0.021317,0.013526
-0.2675,-2.56E-03,-0.02216,-0.014991,0.033252
-0.267,-1.75E-03,-4.07E-05,-0.010775,0.03899
-0.2665,-0.012424,-9.99E-03,-0.016532,-0.025492
-0.266,0.010322,-8.43E-03,0.013934,0.033916
-0.2655,0.015346,-8.89E-03,4.86E-03,1.85E-03
-0.265,0.014171,6.39E-03,-0.025481,-8.72E-03
-0.2645,0.026496,1.08E-03,-0.012163,-0.013305
-0.264,0.010704,-0.011533,-2.24E-03,6.17E-04
-0.2635,3.93E-03,4.95E-03,-2.27E-03,4.31E-03
-0.263,-0.020325,0.010135,-0.011729,6.47E-03
-0.2625,0.015455,-0.010039,-0.011906,-5.88E-03
-0.262,-3.91E-03,-0.016648,0.012397,0.027889
-0.2615,-5.29E-03,9.31E-03,-0.012556,2.73E-03
-0.261,-0.012276,-0.019807,0.027921,-0.016134
-0.2605,-3.86E-04,4.59E-03,9.17E-03,3.01E-03
-0.26,8.59E-03,-0.016286,-5.29E-03,-0.047367
-0.2595,-5.50E-03,0.013837,-1.97E-03,-0.030273
-0.259,0.015084,-0.010683,-0.021002,-0.014108
-0.2585,-0.014623,0.013003,0.030215,0.029016
-0.258,0.014456,-1.44E-03,0.022,5.01E-03
-0.2575,-5.90E-03,6.12E-03,6.61E-03,-0.03806
-0.257,-8.87E-03,0.01682,-4.42E-03,-6.04E-03
-0.2565,0.020003,2.13E-03,-0.03697,9.11E-03
-0.256,9.94E-03,2.96E-03,-0.041135,0.013309
-0.2555,-4.76E-03,-9.85E-03,-0.02797,-0.031546
-0.255,-5.94E-03,-0.019087,-9.05E-04,-0.039365
-0.2545,-3.62E-03,0.020586,-0.017114,4.66E-03
-0.254,1.05E-04,-0.01278,0.010537,0.020005
-0.2535,2.25E-03,-0.01462,-0.035838,4.30E-03
-0.253,-3.49E-03,7.94E-04,0.034702,3.17E-03
-0.2525,1.50E-03,0.0118,-0.014163,0.048139
-0.252,0.019378,0.012793,5.26E-03,-0.030954
-0.2515,0.012353,-0.012936,-5.01E-03,-0.013463
-0.251,0.02024,-0.012878,-0.017691,-0.012806
-0.2505,0.010729,7.69E-04,0.018597,0.010354
-0.25,-7.87E-04,-2.65E-03,-0.014146,0.016123
-0.2495,0.015721,0.028834,2.53E-03,-0.03587
-0.249,-0.016599,-0.012797,-8.10E-03,-0.034848
-0.2485,-1.74E-03,-6.42E-03,7.36E-03,-5.97E-03
-0.248,6.11E-03,-0.011606,-0.014703,-8.78E-03
-0.2475,-0.011108,-4.85E-03,1.42E-03,8.86E-03
-0.247,8.02E-03,-5.11E-03,2.43E-03,0.01414
-0.2465,4.56E-03,-0.011362,0.012545,0.02381
-0.246,3.14E-03,-7.06E-03,5.75E-03,-7.38E-03
-0.2455,3.79E-03,-0.017523,-0.018688,0.011428
-0.245,1.29E-03,1.65E-03,0.010304,-1.91E-04
-0.2445,-5.97E-04,-0.013454,-0.013243,-1.29E-03
-0.244,-0.029432,-0.011505,-0.011552,-0.02429
-0.2435,-0.015781,-5.90E-03,4.42E-04,-0.028867
-0.243,6.74E-03,0.030557,8.88E-03,5.01E-03
-0.2425,-0.011968,0.019888,0.029717,-0.016432
-0.242,5.73E-04,6.11E-03,0.010689,-0.036446
-0.2415,-0.017574,-5.13E-03,-4.02E-03,-0.018554
-0.241,5.41E-03,2.14E-03,1.79E-03,0.028328
-0.2405,-4.73E-03,7.22E-03,-0.018068,0.031842
-0.24,-8.72E-03,-0.034871,-0.018929,-0.012342
-0.2395,0.014492,-8.87E-03,-0.013516,-0.014067
-0.239,6.94E-03,0.015106,-5.74E-03,0.012981
-0.2385,5.85E-03,0.023175,-0.0295,-0.023865
-0.238,-0.010982,5.09E-03,-5.13E-03,-1.35E-03
-0.2375,2.63E-03,0.019415,0.025333,-0.029106
-0.237,3.12E-05,0.011852,0.022197,2.69E-03
-0.2365,0.018878,-7.15E-04,-9.17E-03,0.02899
-0.236,0.01523,-5.67E-03,6.46E-03,-3.54E-05
-0.2355,-6.33E-03,-1.26E-03,-2.06E-03,-7.55E-03
-0.235,-0.010333,2.80E-03,-0.014519,4.57E-03
-0.2345,0.010349,0.011976,0.015933,0.012989
-0.234,7.60E-04,-4.98E-03,2.05E-03,-0.017938
-0.2335,-8.09E-03,0.032632,-1.23E-03,-0.023204
-0.233,-8.40E-03,8.65E-03,-0.016002,4.01E-03
-0.2325,3.31E-03,-0.014576,-4.71E-03,0.020403
-0.232,0.010976,-9.27E-03,5.86E-03,-1.47E-03
-0.2315,0.0168,6.03E-03,-1.44E-03,-2.73E-03
-0.231,3.75E-03,-6.78E-03,0.011767,0.015858
-0.2305,-7.20E-03,0.03591,-0.021749,-2.29E-03
-0.23,-0.017198,-7.36E-03,-3.55E-04,-0.046278
-0.2295,-0.011024,-0.014112,-4.26E-04,-0.015448
-0.229,-9.68E-03,-9.29E-03,-0.01274,4.37E-03
-0.2285,-0.013965,-1.41E-03,-0.022633,-2.20E-03
-0.228,-5.42E-03,-1.19E-03,-0.022395,-2.77E-03
-0.2275,0.011475,-0.013498,4.23E-03,3.66E-04
-0.227,6.43E-03,3.35E-03,0.021804,-0.016729
-0.2265,6.68E-03,0.011182,-5.27E-03,-0.033234
-0.226,-9.95E-04,0.020803,-0.010378,6.57E-03
-0.2255,3.83E-03,0.012006,0.024213,3.08E-03
-0.225,-0.010749,-9.53E-03,-0.011895,0.03854
-0.2245,-0.010905,0.017073,-0.014378,8.39E-03
-0.224,0.017096,0.012716,0.016343,0.021758
-0.2235,-3.84E-03,-6.47E-03,0.015314,-0.01669
-0.223,-0.01554,5.59E-03,0.015168,-9.25E-03
-0.2225,-8.33E-03,-0.01147,-0.015843,-5.80E-04
-0.222,-1.68E-03,-0.029987,0.031592,-0.018699
-0.2215,0.021503,5.39E-05,3.08E-03,3.97E-03
-0.221,0.011216,0.019708,-0.025495,0.014654
-0.2205,-4.67E-03,-8.37E-03,-0.029795,-0.015617
-0.22,5.81E-04,-0.028166,-4.98E-03,-0.043981
-0.2195,-7.54E-04,-0.01047,-1.50E-03,1.22E-03
-0.219,-6.22E-03,7.31E-03,7.79E-03,0.012907
-0.2185,-7.65E-03,-4.13E-03,6.87E-03,0.030134
-0.218,0.01625,0.01581,4.49E-04,-0.025351
-0.2175,-7.58E-03,0.024024,2.92E-03,-2.74E-03
-0.217,-4.14E-03,0.017148,2.63E-03,-4.63E-03
-0.2165,0.01916,-0.012315,-0.024371,-3.12E-03
-0.216,5.16E-04,-9.76E-03,0.016942,-0.018774
-0.2155,0.013079,-8.09E-03,-0.026462,-0.023888
-0.215,0.022933,2.93E-03,-0.02604,-2.63E-03
-0.2145,-0.020981,-0.013154,0.030199,1.96E-03
-0.214,0.010128,-3.23E-03,-0.02256,0.021556
-0.2135,-0.010997,0.022223,-0.017528,-4.51E-03
-0.213,0.013962,0.022854,3.46E-03,0.017048
-0.2125,-7.22E-03,2.05E-03,0.030391,3.35E-03
-0.212,-0.010901,0.03092,6.96E-03,-7.23E-03
-0.2115,0.023563,5.49E-03,-0.026709,0.016693
-0.211,-2.41E-03,1.26E-03,-0.020788,-2.63E-03
-0.2105,-2.37E-03,0.016361,0.016192,7.39E-03
-0.21,5.34E-04,-0.0121,-4.97E-03,-1.94E-03
-0.2095,0.02757,-5.49E-03,4.63E-03,-1.31E-03
-0.209,-3.41E-03,-0.015788,-4.42E-03,-0.025183
-0.2085,1.02E-03,-4.12E-03,5.47E-03,-0.022185
-0.208,0.021778,-4.92E-03,-0.026882,-0.021145
-0.2075,0.012501,4.94E-03,0.010022,0.026164
-0.207,-3.91E-03,0.012332,-0.018512,3.44E-03
-0.2065,8.40E-04,-7.07E-03,0.011464,-2.79E-04
-0.206,3.86E-03,-0.015464,1.87E-03,2.19E-03
-0.2055,-5.12E-04,8.12E-03,0.011028,7.96E-03
-0.205,-0.010764,0.016098,-0.016749,3.47E-03
-0.2045,6.21E-03,9.41E-05,0.010472,-2.83E-03
-0.204,-1.42E-04,-0.028168,-0.032969,5.03E-03
-0.2035,0.017678,8.48E-03,-0.012559,0.022585
-0.203,-0.013143,5.22E-03,-5.77E-03,-0.041219
-0.2025,-9.07E-03,0.038159,0.011334,0.056136
-0.202,4.07E-03,-0.018183,1.15E-03,0.031505
-0.2015,7.63E-03,3.62E-03,-0.028341,0.01029
-0.201,7.23E-03,0.013213,-0.018899,6.18E-03
-0.2005,-9.67E-03,-0.025143,-1.56E-03,0.028858
-0.2,2.80E-03,7.12E-03,-0.014415,9.35E-03
-0.1995,-9.43E-03,-9.88E-03,-3.33E-03,-0.025235
-0.199,0.010979,0.011945,2.10E-04,0.023146
-0.1985,0.018114,0.019118,-0.014783,-0.041488
-0.198,2.22E-03,-4.88E-03,-0.015252,0.020016
-0.1975,-8.64E-03,5.78E-04,-0.041721,0.016145
-0.197,-7.85E-03,8.11E-03,0.01479,-0.01316
-0.1965,1.82E-03,-9.43E-03,5.89E-03,0.027339
-0.196,1.57E-03,0.010747,-0.025454,-0.010961
-0.1955,-7.70E-03,-6.02E-03,-3.68E-03,2.70E-03
-0.195,0.011762,3.01E-03,-0.01354,0.023099
-0.1945,0.014167,2.33E-03,0.012535,0.012408
-0.194,5.66E-03,1.35E-03,0.011792,-0.023812
-0.1935,-0.031971,-0.015264,-0.029047,0.023286
-0.193,-9.12E-03,0.014324,0.038817,-9.88E-03
-0.1925,-2.97E-03,0.01916,0.01869,4.89E-03
-0.192,1.40E-03,-2.04E-03,-1.03E-03,0.024448
-0.1915,2.74E-03,-6.63E-03,1.86E-03,0.034574
-0.191,-5.85E-03,-2.09E-03,0.011376,0.019246
-0.1905,2.71E-03,-0.010484,-0.020102,0.014969
-0.19,-7.25E-04,-7.67E-03,0.026894,-0.017309
-0.1895,-4.19E-03,0.026102,-0.015567,-0.031917
-0.189,-0.010267,0.035664,0.015273,7.69E-03
-0.1885,-0.017742,8.10E-04,-5.69E-03,8.92E-04
-0.188,-0.020334,0.016492,-8.32E-04,-0.012215
-0.1875,-0.012705,-0.014543,1.03E-03,-0.036988
-0.187,0.010951,2.28E-03,2.87E-03,0.025123
-0.1865,0.017863,-7.76E-03,0.020987,-0.039007
-0.186,-4.44E-03,5.91E-03,-8.89E-03,5.48E-03
-0.1855,-4.86E-03,0.010659,-4.71E-03,0.018909
-0.185,-0.013016,1.76E-03,-0.015913,-0.030953
-0.1845,6.70E-03,-0.016642,0.023337,0.033972
-0.184,1.02E-03,-0.020042,3.16E-03,-0.019156
-0.1835,9.72E-03,7.01E-03,0.015691,0.041179
-0.183,-0.015739,-9.34E-03,-0.020438,-9.66E-03
-0.1825,-0.011198,1.40E-03,-0.01502,-0.014706
-0.182,7.20E-04,-0.011603,0.016581,-0.026813
-0.1815,-1.23E-03,0.015487,-0.027238,-0.054021
-0.181,0.010143,-9.05E-03,-0.037357,-9.38E-03
-0.1805,2.07E-03,0.022035,-0.017502,0.011509
-0.18,0.012051,-8.60E-03,-0.012314,0.03361
-0.1795,7.79E-03,-0.019649,-0.011722,0.042468
-0.179,1.47E-03,0.03034,0.015673,-3.75E-03
-0.1785,-0.016318,-8.58E-03,-5.44E-03,-0.017534
-0.178,-2.36E-03,5.35E-03,3.97E-03,0.023801
-0.1775,-7.10E-03,9.50E-03,-4.79E-03,0.019712
-0.177,4.11E-03,-0.041491,9.01E-03,0.014949
-0.1765,4.81E-03,-2.57E-03,2.84E-03,0.039536
-0.176,-0.017048,0.011072,0.011256,5.15E-03
-0.1755,0.022995,-5.59E-03,-0.018025,-0.019795
-0.175,6.46E-04,-0.024685,-1.46E-03,-0.017115
-0.1745,-3.83E-03,-1.23E-03,0.021716,-7.39E-03
-0.174,-3.73E-03,-0.029251,-0.018434,0.014248
-0.1735,-5.21E-03,5.85E-03,-0.0147,0.030956
-0.173,-2.60E-03,-7.81E-03,-0.015323,4.54E-03
-0.1725,6.02E-03,6.46E-03,4.27E-03,-0.012871
-0.172,5.68E-03,-1.05E-03,0.016096,-8.40E-04
-0.1715,-0.015287,-0.020769,-0.010624,-0.023338
-0.171,-6.50E-03,5.57E-03,-6.90E-03,6.82E-04
-0.1705,4.54E-03,-0.016445,-0.020664,-3.72E-03
-0.17,-7.57E-03,3.77E-03,0.020458,0.012756
-0.1695,-5.57E-03,0.028996,1.98E-03,-3.17E-03
-0.169,0.01285,0.018236,-6.16E-03,-8.25E-03
-0.1685,-0.010024,6.71E-03,-6.79E-03,-0.011001
-0.168,-0.013803,-5.43E-03,0.030083,-0.031805
-0.1675,0.011347,-3.93E-03,0.017503,2.14E-03
-0.167,-8.61E-03,-0.014745,-8.51E-03,-0.027162
-0.1665,2.80E-03,-8.39E-03,-5.57E-04,0.013016
-0.166,1.99E-03,7.60E-04,-0.014909,5.07E-03
-0.1655,-2.59E-03,-6.59E-03,7.71E-03,-2.11E-03
-0.165,-5.23E-03,2.85E-03,-0.014638,0.033032
-0.1645,7.75E-03,-4.30E-03,-0.013584,0.011748
-0.164,4.66E-03,6.81E-03,0.019168,8.61E-03
-0.1635,-4.45E-03,-0.011716,0.016334,0.014163
-0.163,-0.017537,6.36E-03,-0.013656,-0.030505
-0.1625,-0.010962,-0.016309,7.90E-03,-0.011354
-0.162,0.019939,-0.019003,-2.02E-04,-0.012357
-0.1615,6.20E-04,-0.034129,-0.010369,-9.75E-03
-0.161,0.012774,4.49E-03,0.029678,0.021568
-0.1605,6.82E-04,-0.015051,-0.021298,-0.012432
-0.16,-1.82E-03,-3.91E-03,8.34E-03,3.99E-03
-0.1595,4.01E-03,-0.024526,-1.89E-03,-0.013463
-0.159,0.020832,0.015086,0.032962,-9.49E-03
-0.1585,6.30E-03,9.06E-03,-0.016521,-0.026703
-0.158,-5.49E-03,9.24E-03,-3.33E-03,-3.83E-03
-0.1575,-0.011228,-5.87E-03,-0.022997,0.023817
-0.157,0.010164,-0.030145,0.010168,0.02633
-0.1565,0.014757,0.027339,0.044906,0.022714
-0.156,-1.55E-03,9.34E-03,0.012658,0.024638
-0.1555,-3.23E-04,-3.23E-03,-0.01496,0.015746
-0.155,-3.46E-03,0.01112,-0.011382,0.02674
-0.1545,3.38E-03,7.80E-04,1.56E-03,-5.99E-05
-0.154,-0.010534,-2.96E-03,-9.70E-04,-3.52E-03
-0.1535,-0.01418,0.010744,-0.014624,-2.88E-03
-0.153,-0.013379,8.56E-03,0.01077,0.021821
-0.1525,-7.65E-03,-0.0104,9.00E-03,0.037098
-0.152,0.012196,1.96E-03,-3.61E-03,-3.28E-03
-0.1515,7.74E-04,0.014989,2.71E-03,-9.08E-03
-0.151,-8.38E-03,-2.90E-03,-8.27E-03,6.38E-03
-0.1505,7.06E-03,5.65E-03,0.035895,-9.57E-03
-0.15,1.61E-03,7.08E-03,-0.025357,-0.015413
-0.1495,-2.83E-03,-0.02149,0.011002,-0.012274
-0.149,8.68E-04,0.014999,-7.46E-03,6.97E-03
-0.1485,-1.47E-03,6.44E-03,8.74E-03,-5.24E-03
-0.148,-1.36E-03,-9.84E-04,6.33E-03,-0.050766
-0.1475,-0.011122,4.89E-03,-2.83E-03,4.59E-03
-0.147,2.77E-03,-3.43E-03,0.014732,8.16E-03
-0.1465,-9.71E-04,0.015177,-0.012557,2.89E-03
-0.146,0.010626,0.034231,0.033365,3.79E-03
-0.1455,5.81E-03,7.84E-05,0.018525,-0.013161
-0.145,-1.26E-03,0.022465,-0.012984,0.041184
-0.1445,0.012813,0.019895,0.010061,0.014088
-0.144,-6.78E-03,4.03E-03,-0.027542,6.78E-03
-0.1435,6.75E-03,-2.33E-03,0.019172,-7.21E-03
-0.143,7.99E-03,0.025622,5.73E-03,3.64E-03
-0.1425,-0.013574,9.06E-03,2.42E-03,-0.019082
-0.142,-8.41E-03,0.01925,9.74E-03,-0.011175
-0.1415,0.010097,-0.018241,-5.09E-03,0.041517
-0.141,-2.70E-03,7.29E-03,0.0359,-7.08E-03
-0.1405,0.021545,-0.017807,-7.53E-03,8.41E-03
-0.14,6.24E-04,-4.69E-03,-6.17E-03,4.88E-03
-0.1395,9.88E-03,4.12E-03,0.026126,-0.017882
-0.139,0.01145,6.47E-03,-0.03527,0.019883
-0.1385,-4.41E-03,0.022872,-0.019492,-1.38E-03
-0.138,3.46E-04,9.27E-03,-0.021706,-0.039434
-0.1375,7.39E-03,0.01054,0.023926,-0.018383
-0.137,3.60E-03,4.85E-04,-0.037754,-9.19E-03
-0.1365,-7.39E-03,3.37E-03,0.021327,-2.81E-03
-0.136,-0.011177,6.32E-03,-2.62E-03,0.021069
-0.1355,-2.54E-03,-0.020912,-0.026612,7.22E-03
-0.135,-7.72E-03,8.83E-03,-7.60E-03,-0.019055
-0.1345,-0.028919,0.012044,-0.031145,-0.021462
-0.134,-3.53E-03,0.041095,-7.41E-03,5.79E-03
-0.1335,-1.26E-03,5.81E-03,-0.029061,0.01009
-0.133,-0.01217,7.33E-03,2.98E-03,-0.0168
-0.1325,-9.35E-03,6.17E-03,-0.021328,0.021874
-0.132,-3.18E-03,-1.06E-04,0.012104,-9.00E-03
-0.1315,0.019089,-4.24E-03,0.017477,-0.010401
-0.131,-4.26E-03,0.020933,0.025438,0.015819
-0.1305,-7.42E-03,-2.52E-03,-0.032857,-0.026882
-0.13,-0.021644,0.019214,-0.019812,8.20E-03
-0.1295,-0.014746,7.05E-03,-0.017143,1.90E-03
-0.129,1.62E-03,-4.11E-03,0.03557,-0.032161
-0.1285,-0.010588,0.027503,0.025935,-0.012629
-0.128,-8.56E-04,0.014675,0.02966,0.026865
-0.1275,-9.54E-03,2.07E-03,5.26E-03,-6.70E-03
-0.127,-0.010353,-4.66E-03,-2.81E-03,0.018516
-0.1265,-0.033124,-8.53E-03,3.99E-03,-0.024334
-0.126,-0.037425,-2.59E-03,-7.90E-03,-0.028732
-0.1255,-0.037807,2.33E-03,0.018467,-7.56E-03
-0.125,-0.01613,0.019392,-0.020717,4.99E-03
-0.1245,-0.025031,-0.017549,-0.010084,-8.77E-03
-0.124,-0.034111,-0.013506,2.59E-03,0.024942
-0.1235,-0.044043,-0.017665,-0.024766,5.13E-03
-0.123,-0.028473,-0.034431,-0.014576,-0.022078
-0.1225,-0.028431,0.011692,0.023222,0.030624
-0.122,-0.034323,-0.0196,-1.61E-03,-7.36E-03
-0.1215,-0.040235,-7.89E-03,-3.94E-03,-1.44E-03
-0.121,-0.055584,7.35E-03,4.48E-04,-2.35E-04
-0.1205,-0.064407,-5.07E-04,-0.013644,9.21E-03
-0.12,-0.047588,4.79E-03,0.016925,0.036006
-0.1195,-0.067976,-1.46E-03,-1.52E-03,3.17E-04
-0.119,-0.06125,0.027163,-0.010194,-0.024374
-0.1185,-0.064676,-0.014351,0.016411,4.31E-03
-0.118,-0.093608,-0.033627,5.46E-03,0.02403
-0.1175,-0.074693,0.015449,2.22E-03,-0.015425
-0.117,-0.089618,-0.027619,2.96E-03,-5.12E-04
-0.1165,-0.078744,0.022754,-0.010073,9.21E-03
-0.116,-0.12348,-1.99E-03,-4.08E-03,0.013198
-0.1155,-0.11183,5.87E-03,-4.12E-03,0.037267
-0.115,-0.10449,-1.26E-04,-0.012345,-7.56E-03
-0.1145,-0.13555,-5.88E-03,-0.031189,-0.012025
-0.114,-0.13187,-0.012342,-0.019726,-0.015259
-0.1135,-0.1295,0.011858,0.015053,-0.025839
-0.113,-0.15047,0.012577,-5.42E-03,0.030919
-0.1125,-0.16149,5.57E-03,-0.019624,0.014718
-0.112,-0.18278,9.60E-03,0.021088,-0.023565
-0.1115,-0.18007,3.81E-03,0.011216,-0.012432
-0.111,-0.20256,8.22E-03,-5.57E-03,-0.023127
-0.1105,-0.22136,-8.40E-03,3.76E-03,-2.53E-03
-0.11,-0.21218,-0.018467,0.024431,-8.10E-03
-0.1095,-0.24341,-9.86E-03,3.37E-03,0.037319
-0.109,-0.24149,-0.019065,-0.023928,0.013858
-0.1085,-0.27242,-0.022635,-0.034517,5.29E-03
-0.108,-0.26801,-0.018085,-0.011088,-0.026358
-0.1075,-0.28214,0.015951,-2.83E-03,0.011798
-0.107,-0.29657,-8.29E-03,0.017933,-0.015034
-0.1065,-0.29696,5.39E-03,3.35E-03,-0.030505
-0.106,-0.29701,0.017318,-0.02253,-4.84E-03
-0.1055,-0.32956,7.64E-03,7.75E-03,0.019158
-0.105,-0.3434,-1.99E-03,0.040955,0.018981
-0.1045,-0.34601,-0.028717,0.015034,-0.020187
-0.104,-0.35128,-8.66E-03,-0.015831,0.012333
-0.1035,-0.37853,-0.023217,-6.62E-03,2.06E-03
-0.103,-0.39668,6.40E-03,-6.03E-04,-0.010499
-0.1025,-0.39181,3.64E-03,4.83E-03,-0.012787
-0.102,-0.42867,-4.02E-03,-2.07E-04,-0.030426
-0.1015,-0.42872,-0.015748,-0.022048,-0.034681
-0.101,-0.42671,5.95E-03,0.021695,6.12E-03
-0.1005,-0.43312,8.47E-05,-0.015664,-0.024497
-0.1,-0.46175,-7.33E-03,0.024941,-0.026834
-0.0995,-0.45547,0.016172,-5.22E-03,0.025993
-0.099,-0.47346,0.027743,0.021564,-4.87E-03
-0.0985,-0.46214,7.00E-03,1.79E-03,6.16E-03
-0.098,-0.48082,-9.80E-03,-0.011553,5.58E-03
-0.0975,-0.46139,0.010666,4.06E-03,-0.015517
-0.097,-0.45833,-9.24E-03,7.98E-03,-5.30E-03
-0.0965,-0.47363,3.03E-03,-0.013946,-1.73E-03
-0.096,-0.46401,0.012095,4.68E-03,-0.038376
-0.0955,-0.45668,-0.01378,-2.87E-03,0.015751
-0.095,-0.45319,-0.012288,0.014533,0.015917
-0.0945,-0.45332,-0.02472,-0.011234,0.020231
-0.094,-0.44953,-8.44E-03,-0.011171,-3.17E-03
-0.0935,-0.4357,-1.06E-04,-0.029463,-0.027215
-0.093,-0.39866,1.91E-03,0.012232,0.048033
-0.0925,-0.39566,1.72E-03,7.73E-03,-8.63E-03
-0.092,-0.37162,4.87E-03,0.032956,0.036833
-0.0915,-0.34677,-6.10E-03,-6.31E-03,-0.019233
-0.091,-0.33155,0.027192,-3.92E-03,0.022569
-0.0905,-0.31596,-3.06E-03,5.00E-03,-0.013622
-0.09,-0.30662,7.08E-03,0.022458,-4.94E-03
-0.0895,-0.27479,0.010186,-0.038192,-0.030072
-0.089,-0.24656,0.010188,-0.023415,0.014423
-0.0885,-0.18587,-4.46E-03,-0.024991,-0.02276
-0.088,-0.20163,-0.01773,0.010449,-5.48E-03
-0.0875,-0.16341,-5.49E-03,-0.043985,0.036732
-0.087,-0.12426,-3.76E-03,0.022651,0.033604
-0.0865,-0.099336,0.018637,7.63E-03,3.73E-03
-0.086,-0.079209,5.17E-04,0.016586,-0.017736
-0.0855,-0.032146,0.018836,-0.017141,-0.026894
-0.085,-0.018744,7.22E-03,0.028432,0.010062
-0.0845,0.034548,4.96E-03,0.013415,0.014089
-0.084,0.078258,-9.02E-03,0.026866,0.010339
-0.0835,0.10123,0.014191,0.013485,-0.027975
-0.083,0.1539,-0.015825,-0.021448,-0.053514
-0.0825,0.15414,-4.03E-04,-3.48E-03,1.82E-03
-0.082,0.20878,-0.020581,-0.031245,-0.032204
-0.0815,0.24296,1.75E-03,5.81E-03,0.016833
-0.081,0.25985,0.028526,8.57E-03,0.019653
-0.0805,0.28257,0.024404,-9.85E-03,1.20E-03
-0.08,0.32718,-7.29E-03,0.013831,-3.93E-03
-0.0795,0.34257,-0.031413,0.014558,-8.29E-04
-0.079,0.35398,-0.02333,7.48E-04,0.049644
-0.0785,0.38451,-2.59E-03,1.10E-03,-1.01E-03
-0.078,0.40112,-3.82E-03,-0.019621,-2.67E-03
-0.0775,0.42448,-0.016799,-0.016456,0.013644
-0.077,0.45254,-0.010696,-4.67E-03,0.021113
-0.0765,0.4668,-1.06E-04,-0.017482,-2.76E-03
-0.076,0.49139,0.031953,0.015043,-0.01192
-0.0755,0.48815,8.32E-03,-1.28E-03,-0.011767
-0.075,0.5047,2.80E-04,0.01043,0.026797
-0.0745,0.51474,-0.025364,-7.32E-03,0.016782
-0.074,0.51549,-4.08E-03,0.02319,0.039301
-0.0735,0.5069,-0.018642,-0.022443,-0.011748
-0.073,0.51241,-2.12E-03,-0.017466,-1.61E-03
-0.0725,0.53152,-8.18E-03,2.06E-03,0.010899
-0.072,0.51582,-0.0215,-0.022305,0.018786
-0.0715,0.49235,9.19E-03,0.017448,0.022578
-0.071,0.51794,-9.11E-03,-8.80E-04,-3.79E-03
-0.0705,0.48505,0.016856,-7.71E-04,-4.26E-03
-0.07,0.48094,-7.93E-04,-6.96E-03,7.24E-03
-0.0695,0.47402,-0.019218,-0.019477,5.86E-03
-0.069,0.46161,-0.015763,-2.48E-03,2.23E-03
-0.0685,0.47186,0.010092,-0.027337,0.012183
-0.068,0.46057,-0.012029,0.023219,-9.40E-03
-0.0675,0.42212,-0.033256,-0.0125,9.96E-03
-0.067,0.4156,0.011019,-0.030046,-0.018436
-0.0665,0.39922,9.39E-03,-2.74E-03,0.017578
-0.066,0.39258,9.67E-03,0.012387,3.17E-03
-0.0655,0.36956,0.029406,-8.56E-03,-4.65E-03
-0.065,0.32706,-0.013514,4.57E-04,-6.71E-03
-0.0645,0.33895,1.11E-03,0.039097,0.023525
-0.064,0.31963,-1.44E-03,0.023931,0.015019
-0.0635,0.30043,-7.04E-03,0.014643,-0.034381
-0.063,0.28348,-0.01264,3.11E-03,-4.04E-03
-0.0625,0.28176,-0.022886,-0.015152,-0.013259
-0.062,0.26105,0.030109,7.71E-03,-8.32E-03
-0.0615,0.23735,0.013877,-0.010179,-8.36E-03
-0.061,0.22668,4.48E-03,0.025119,-7.38E-03
-0.0605,0.20291,3.92E-04,0.019713,-0.029285
-0.06,0.18562,0.010526,-0.027556,3.57E-03
-0.0595,0.18624,8.96E-03,0.016641,0.049251
-0.059,0.16933,-1.73E-03,9.45E-03,1.35E-03
-0.0585,0.16027,-1.73E-03,0.052349,-9.39E-03
-0.058,0.13075,0.018858,-0.015316,-9.03E-03
-0.0575,0.12081,-0.01764,-0.01384,-1.73E-03
-0.057,0.11498,8.40E-04,4.72E-03,-0.01578
-0.0565,0.10852,2.06E-03,-0.010244,-1.96E-03
-0.056,0.097706,-0.010595,-7.55E-03,-5.20E-04
-0.0555,0.091216,-0.011305,0.018929,0.022062
-0.055,0.078277,5.09E-03,-0.020571,-5.83E-03
-0.0545,0.085068,-0.018545,-6.86E-03,8.57E-03
-0.054,0.0587,-0.012983,4.89E-03,0.037436
-0.0535,0.062023,-3.95E-03,0.025564,-2.07E-04
-0.053,0.052085,0.021741,0.030238,0.016614
-0.0525,0.047619,3.23E-03,3.38E-03,0.027557
-0.052,0.049332,5.26E-03,4.95E-03,-3.28E-03
-0.0515,0.054133,9.89E-03,-4.86E-03,7.56E-03
-0.051,0.047792,-2.79E-03,0.012024,6.84E-03
-0.0505,0.049747,0.022179,0.012926,0.019326
-0.05,0.022754,0.018448,0.015599,0.022622
-0.0495,0.02731,-0.015363,-4.01E-03,-0.027755
-0.049,0.034784,0.012036,9.71E-05,-2.05E-04
-0.0485,0.028636,-7.87E-03,-5.36E-03,-0.010399
-0.048,2.02E-03,0.016285,0.014666,-5.47E-03
-0.0475,0.02088,8.87E-03,9.26E-04,-0.011532
-0.047,0.015178,1.83E-03,-0.020824,8.97E-03
-0.0465,4.17E-03,0.01142,7.45E-03,-0.048892
-0.046,0.027398,3.71E-03,0.031977,-0.015353
-0.0455,-1.54E-03,4.78E-04,-0.01419,2.56E-03
-0.045,-1.36E-03,3.94E-03,3.85E-03,-0.03074
-0.0445,9.75E-03,0.038574,-7.60E-03,-2.74E-03
-0.044,7.71E-03,5.21E-03,0.012065,0.010002
-0.0435,9.82E-03,1.83E-03,-0.028015,-3.00E-03
-0.043,-8.09E-03,-0.011899,-0.024493,-0.046534
-0.0425,-0.016964,-0.033456,4.65E-03,0.013514
-0.042,7.53E-03,0.025188,0.024964,-0.010984
-0.0415,0.016831,-0.012509,-9.96E-03,5.28E-03
-0.041,6.84E-03,-0.021585,2.24E-03,-0.023912
-0.0405,-1.64E-04,2.69E-03,-0.014508,-0.0228
-0.04,-5.84E-03,8.69E-03,0.019724,4.61E-03
-0.0395,4.94E-03,8.42E-03,-4.93E-03,6.08E-03
-0.039,-1.85E-03,3.52E-03,2.21E-03,-0.011186
-0.0385,4.93E-03,-0.018099,-3.71E-03,-0.012984
-0.038,7.07E-03,0.011696,0.023017,2.27E-03
-0.0375,6.80E-03,2.65E-03,-0.0162,0.022894
-0.037,-7.37E-03,-4.40E-04,2.85E-03,6.23E-03
-0.0365,-5.79E-03,-0.013964,-0.022811,-0.015591
-0.036,0.011614,-2.88E-03,0.018367,-2.64E-03
-0.0355,-8.58E-04,7.04E-03,-2.64E-03,2.94E-04
-0.035,4.68E-03,-0.010365,0.013631,-0.021345
-0.0345,6.98E-03,3.14E-03,-0.021742,-0.031886
-0.034,-4.14E-03,8.07E-03,-0.010196,0.029805
-0.0335,-6.53E-03,6.61E-03,0.015545,-0.028031
-0.033,7.47E-03,-0.011694,-4.71E-03,0.02162
-0.0325,8.40E-04,-0.011137,9.69E-03,-0.023802
-0.032,-7.13E-04,-0.019235,-7.80E-03,-0.021194
-0.0315,-7.47E-03,-0.020117,3.67E-03,-4.22E-03
-0.031,-0.019737,0.013505,-0.018866,0.01644
-0.0305,-9.12E-03,1.62E-03,1.18E-03,8.09E-03
-0.03,-0.010955,-1.45E-03,8.91E-03,0.020708
-0.0295,4.45E-03,0.026146,-0.022761,-0.021528
-0.029,5.69E-03,-0.013804,0.010719,4.08E-03
-0.0285,-4.04E-03,-0.015647,-0.019124,1.57E-03
-0.028,4.98E-03,0.046509,0.035869,-0.026896
-0.0275,0.020574,9.93E-03,9.77E-03,-0.011031
-0.027,3.89E-03,0.010925,0.016162,5.58E-03
-0.0265,-2.92E-04,-8.36E-04,0.010438,0.022978
-0.026,0.015766,-0.041713,-5.00E-03,-0.022075
-0.0255,8.73E-03,0.011429,9.07E-04,0.023196
-0.025,0.010877,0.011204,2.50E-03,1.71E-03
-0.0245,9.52E-03,0.012067,-0.016903,3.93E-03
-0.024,-5.07E-03,0.013756,0.020779,-0.016923
-0.0235,4.49E-03,0.012199,3.56E-03,-0.010458
-0.023,0.02865,-0.02282,-0.017482,-5.19E-03
-0.0225,-0.013783,9.66E-03,8.04E-03,-0.021887
-0.022,-1.99E-03,6.78E-04,0.021267,-0.02398
-0.0215,-4.09E-03,-5.54E-03,0.011059,-0.023874
-0.021,-0.022977,7.04E-03,0.044984,6.72E-03
-0.0205,0.029645,-9.60E-03,-0.03023,0.024111
-0.02,-9.39E-03,-0.013456,0.02178,6.81E-03
-0.0195,2.04E-04,0.012644,-0.010581,9.43E-04
-0.019,0.011423,0.020276,-8.19E-03,0.048901
-0.0185,5.69E-03,-2.49E-03,-3.03E-03,-2.91E-03
-0.018,3.46E-03,2.82E-03,-0.015599,-0.041634
-0.0175,2.75E-03,0.013273,0.021348,0.023376
-0.017,0.029527,0.014066,0.016842,-3.89E-03
-0.0165,-8.49E-03,0.014388,8.74E-03,0.012503
-0.016,2.36E-03,0.016811,5.87E-03,3.83E-03
-0.0155,6.62E-03,-9.37E-03,-7.53E-03,-0.016488
-0.015,0.022566,2.66E-04,0.02369,0.018421
-0.0145,-2.49E-04,-8.83E-03,-2.67E-03,7.52E-03
-0.014,-0.011012,-0.020367,-0.02297,1.46E-03
-0.0135,-0.010851,-5.31E-03,0.012804,0.041299
-0.013,3.70E-03,-0.017195,0.016024,0.030673
-0.0125,4.57E-03,-0.053993,-9.26E-03,0.010259
-0.012,0.011033,-0.041269,-5.44E-03,5.13E-03
-0.0115,1.53E-03,-0.054911,-2.50E-03,-0.031805
-0.011,0.01123,-0.046461,5.04E-03,-0.032398
-0.0105,0.019683,-0.053705,-0.012094,0.018087
-0.01,-6.96E-03,-0.040933,-0.023212,0.011804
-0.0095,-1.59E-03,-0.05111,9.36E-04,-0.025945
-0.009,5.81E-03,-0.057303,5.70E-03,7.25E-03
-0.0085,-0.012602,-0.060844,0.012258,-1.26E-03
-0.008,2.64E-03,-0.074195,2.00E-03,-8.70E-03
-0.0075,2.03E-03,-0.086881,0.032733,-0.018883
-0.007,1.02E-03,-0.1005,-0.016122,0.014592
-0.0065,0.014743,-0.1112,0.019634,0.014013
-0.006,-3.05E-04,-0.099565,-0.018626,5.94E-03
-0.0055,0.032582,-0.12489,0.024551,9.44E-04
-0.005,0.017149,-0.10289,0.013877,-0.030588
-0.0045,-0.015222,-0.12011,0.014516,-3.75E-03
-0.004,-0.019633,-0.18422,0.011754,-3.60E-03
-0.0035,-3.62E-04,-0.19796,0.012099,-0.029532
-0.003,-8.25E-03,-0.2244,0.010323,-3.28E-03
-0.0025,7.47E-04,-0.22861,-0.018272,6.12E-03
-0.002,1.14E-03,-0.27553,6.33E-04,9.82E-03
-0.0015,4.10E-03,-0.30557,-0.019017,0.022211
-0.001,4.87E-03,-0.31071,0.01471,0.011644
-0.0005,0.01437,-0.35493,-0.012449,-3.40E-03
0,0.012315,-0.35881,-0.012858,-0.022043
0.0005,-0.017261,-0.41123,-5.82E-03,-0.038036
0.001,-2.00E-03,-0.42616,-0.011279,3.17E-03
0.0015,-4.00E-03,-0.43953,-3.86E-03,0.023598
0.002,2.57E-03,-0.47922,0.014469,-0.01168
0.0025,1.62E-03,-0.48501,-9.40E-03,0.02464
0.003,7.78E-04,-0.54167,-1.59E-03,-3.72E-03
0.0035,5.45E-03,-0.58469,-0.01256,0.017623
0.004,0.016473,-0.60355,-4.03E-03,0.01896
0.0045,6.05E-03,-0.61235,-0.016896,-0.028083
0.005,2.05E-03,-0.62015,-5.67E-03,2.80E-03
0.0055,-6.10E-03,-0.65905,0.012089,-0.018062
0.006,0.014702,-0.66204,-1.99E-03,-5.05E-03
0.0065,9.36E-03,-0.67966,-4.96E-03,-1.21E-03
0.007,1.70E-03,-0.67162,-0.014114,-0.030784
0.0075,0.019285,-0.664,0.034535,-0.018593
0.008,-0.010099,-0.69508,7.86E-03,5.07E-03
0.0085,-0.017139,-0.68642,0.018948,-0.014479
0.009,-0.021173,-0.64551,2.81E-03,0.010103
0.0095,-5.27E-03,-0.64249,0.01441,-0.023241
0.01,-2.88E-03,-0.63916,-2.16E-03,0.020176
0.0105,-3.50E-03,-0.60225,-3.68E-03,9.30E-03
0.011,3.12E-03,-0.60409,-7.00E-03,0.031819
0.0115,0.010775,-0.54368,8.42E-03,0.01708
0.012,-9.10E-03,-0.50899,4.90E-03,0.016758
0.0125,-0.026047,-0.4686,-0.0257,0.036737
0.013,4.83E-03,-0.39524,-5.64E-04,-7.28E-03
0.0135,4.63E-03,-0.36577,9.96E-03,-1.24E-03
0.014,8.69E-03,-0.31037,-0.022894,-0.015822
0.0145,1.79E-03,-0.25471,0.03301,9.02E-03
0.015,-9.17E-03,-0.19811,-0.013078,0.018313
0.0155,-6.31E-03,-0.12305,-0.022313,0.023441
0.016,-0.016689,-0.052755,0.013225,-3.68E-03
0.0165,-2.43E-03,5.71E-04,0.048496,-0.031076
0.017,5.43E-03,0.093442,-6.35E-03,-0.036171
0.0175,-0.014756,0.14215,0.019486,-0.028684
0.018,4.91E-03,0.19441,-0.029639,1.42E-03
0.0185,-3.54E-03,0.26046,-5.70E-03,-0.0197
0.019,3.43E-03,0.33061,0.033578,0.013752
0.0195,-3.04E-03,0.413,7.23E-03,-0.015158
0.02,-7.47E-03,0.44513,0.014604,-3.87E-03
0.0205,-0.01713,0.48979,0.013178,-2.46E-03
0.021,-0.01307,0.54847,-0.026751,-4.86E-03
0.0215,-1.16E-03,0.58793,4.99E-03,0.019788
0.022,2.83E-03,0.62257,-0.012543,0.03344
0.0225,-0.010039,0.62799,-0.032182,-0.028779
0.023,7.24E-03,0.66009,3.37E-03,-0.026753
0.0235,0.023596,0.65459,0.026235,8.16E-03
0.024,0.012953,0.72911,-1.39E-03,-0.011339
0.0245,0.012779,0.73708,-1.86E-03,0.010453
0.025,8.49E-04,0.70941,5.82E-03,0.01166
0.0255,-3.14E-04,0.69859,-1.88E-03,-0.021643
0.026,-5.86E-03,0.74679,-0.036876,-0.01134
0.0265,-5.17E-04,0.68956,-0.034365,5.39E-03
0.027,2.83E-03,0.66036,-0.011086,-0.032086
0.0275,-6.53E-03,0.66257,-0.023276,0.026277
0.028,-0.011482,0.65893,0.021824,0.010483
0.0285,-6.60E-03,0.62326,-0.024313,0.024835
0.029,-7.75E-04,0.59141,0.022622,0.010409
0.0295,4.76E-03,0.55693,-4.59E-03,-2.43E-03
0.03,-0.014494,0.54759,-0.019804,-0.056249
0.0305,-5.06E-03,0.51313,0.012738,-0.029453
0.031,-4.75E-03,0.46817,0.013584,0.03488
0.0315,5.58E-03,0.4321,-0.019248,-0.015737
0.032,-3.71E-03,0.38908,-0.048791,0.017325
0.0325,0.012522,0.37683,0.030681,-0.017615
0.033,-3.93E-03,0.34272,0.017705,-8.68E-03
0.0335,-5.20E-04,0.30396,-8.52E-03,3.06E-03
0.034,-9.10E-03,0.27117,-1.40E-03,-8.22E-03
0.0345,-1.37E-03,0.29603,0.034856,-0.01564
0.035,0.0171,0.23967,0.022119,1.30E-03
0.0355,0.022029,0.22726,0.018388,-2.09E-04
0.036,-0.011602,0.18224,0.013482,-0.019858
0.0365,-4.11E-03,0.16912,-8.03E-03,0.02001
0.037,5.07E-04,0.15604,-0.011738,-0.011193
0.0375,-1.29E-03,0.12957,9.20E-03,-0.012553
0.038,0.011152,0.11385,-0.010402,2.76E-03
0.0385,0.01213,0.11889,0.040956,-0.013561
0.039,-5.35E-04,0.079855,0.0101,-0.033845
0.0395,-5.47E-03,0.074526,-0.033779,0.017548
0.04,6.98E-03,0.071342,0.022617,0.015573
0.0405,1.88E-03,0.030405,-0.027168,-6.43E-03
0.041,-0.011702,0.042216,0.024421,-5.46E-03
0.0415,2.44E-03,0.048045,-0.041618,-1.88E-03
0.042,-3.23E-03,0.038978,-0.011484,1.43E-03
0.0425,0.010227,0.035089,0.011225,-0.02565
0.043,0.020135,1.77E-03,0.026455,-8.15E-03
0.0435,-0.013413,0.033409,-1.85E-03,1.52E-03
0.044,-4.64E-03,0.01514,0.020872,9.15E-03
0.0445,-2.87E-03,-7.13E-03,0.012854,-0.015069
0.045,-0.013693,9.14E-03,-2.32E-03,3.56E-03
0.0455,-8.56E-03,3.45E-03,-4.28E-03,-0.043825
0.046,4.69E-03,7.80E-03,-0.023281,0.010659
0.0465,0.011422,3.58E-03,0.012085,0.030197
0.047,2.63E-04,5.59E-03,-3.08E-03,-0.031815
0.0475,-0.012529,-1.42E-05,-4.39E-03,0.016758
0.048,6.80E-03,0.016363,0.024079,0.037668
0.0485,-0.013032,0.020197,0.041344,-0.02674
0.049,-4.60E-03,0.011441,-0.011882,1.38E-03
0.0495,-0.011368,-0.010672,0.019125,-0.018418
0.05,-8.14E-03,-1.25E-03,-0.015539,5.39E-03
0.0505,-0.012383,-3.45E-03,8.89E-04,-1.06E-03
0.051,0.014648,-4.11E-03,-8.45E-04,0.036666
0.0515,-8.92E-03,0.012067,2.08E-03,0.040237
0.052,0.025591,-0.017161,6.40E-03,-1.41E-03
0.0525,1.74E-03,-0.027464,-0.012298,4.97E-03
0.053,3.44E-03,0.0186,0.025743,0.010956
0.0535,5.76E-03,0.01905,-4.80E-03,0.013681
0.054,6.22E-03,0.013126,-0.022008,3.18E-03
0.0545,-0.01253,0.023901,-8.79E-03,-0.017144
0.055,0.017869,-9.07E-03,-0.014282,0.021133
0.0555,0.014446,0.021797,4.99E-03,-0.018425
0.056,-0.027232,-2.93E-03,0.025515,-0.015649
0.0565,-0.015082,0.011987,6.06E-03,8.72E-03
0.057,-3.11E-04,-0.026724,-0.035733,-0.027583
0.0575,-2.29E-03,0.028818,0.017237,4.48E-03
0.058,2.65E-05,-0.02093,2.40E-03,-0.017931
0.0585,-8.29E-03,0.015331,-3.66E-03,-9.08E-03
0.059,1.51E-03,-5.42E-03,-7.37E-03,0.035233
0.0595,-7.60E-03,-7.08E-03,0.029865,-0.016001
0.06,0.010122,0.011597,0.032054,-0.029599
0.0605,9.33E-03,0.031646,7.23E-06,5.29E-03
0.061,-0.027612,9.84E-03,-3.12E-03,4.63E-03
0.0615,-9.13E-03,-0.032831,6.19E-03,0.032668
0.062,-7.50E-03,-0.021322,0.014093,3.30E-03
0.0625,-1.61E-03,-6.26E-03,-0.014148,-8.27E-03
0.063,-1.41E-03,-0.018432,-0.013921,-0.012883
0.0635,-1.41E-03,-0.02776,-0.014238,-0.015942
0.064,-6.93E-03,-0.026829,-0.030646,-0.018601
0.0645,-1.19E-03,0.026255,2.76E-03,0.015477
0.065,-5.80E-03,0.010393,-1.11E-03,-2.18E-03
0.0655,0.019941,6.51E-03,1.88E-03,0.025777
0.066,0.01927,1.60E-03,7.20E-03,0.024185
0.0665,-2.41E-03,2.59E-05,0.013628,-0.025949
0.067,-6.16E-03,-4.51E-05,-0.019558,-2.93E-03
0.0675,0.010325,-0.016082,-0.020808,3.68E-03
0.068,-6.82E-03,7.19E-03,-4.55E-03,0.016358
0.0685,-8.40E-03,-5.92E-03,-0.061253,-4.51E-03
0.069,8.86E-03,-0.019957,-0.010791,4.10E-03
0.0695,-5.38E-03,5.76E-03,7.87E-03,9.18E-03
0.07,-9.36E-04,0.013093,-0.019081,0.016853
0.0705,3.49E-03,0.010316,-0.026393,0.013514
0.071,-4.87E-03,-1.69E-03,-0.028978,-8.09E-03
0.0715,0.012596,-6.65E-03,-0.019303,-0.013178
0.072,-1.86E-03,4.58E-03,-0.030357,1.82E-04
0.0725,1.29E-03,-0.014833,-0.010664,0.029041
0.073,6.13E-03,8.42E-04,-0.058153,-9.84E-03
0.0735,-5.87E-04,0.012181,-0.025188,-0.026862
0.074,-5.85E-03,-0.016847,-0.10088,5.35E-03
0.0745,2.12E-03,0.01449,-0.089392,-0.023871
0.075,-4.29E-03,-0.010523,-0.098682,-0.013336
0.0755,-2.98E-03,0.032619,-0.13061,-0.016464
0.076,3.67E-03,0.013098,-0.13031,5.67E-03
0.0765,3.63E-03,-0.024845,-0.17028,-7.35E-03
0.077,-6.82E-03,-2.09E-04,-0.18218,0.029432
0.0775,-0.010426,-0.016614,-0.18513,-3.37E-03
0.078,-1.68E-03,0.011627,-0.24298,-0.011585
0.0785,3.41E-03,-3.35E-03,-0.26432,1.54E-03
0.079,6.68E-03,-0.017263,-0.28693,-6.84E-03
0.0795,-2.58E-03,-2.75E-03,-0.34979,0.015896
0.08,1.76E-03,1.08E-03,-0.39969,5.33E-03
0.0805,0.011688,-2.08E-03,-0.42235,0.018305
0.081,-7.15E-03,0.021626,-0.46119,-0.017201
0.0815,4.41E-03,-0.012966,-0.54535,4.89E-03
0.082,-0.010888,-9.72E-03,-0.5232,0.049079
0.0825,-2.07E-03,-0.011814,-0.60071,-0.031334
0.083,-0.010029,-0.017694,-0.63374,-4.17E-04
0.0835,-9.65E-03,3.87E-03,-0.64618,4.72E-03
0.084,8.80E-03,-0.023028,-0.69376,9.64E-04
0.0845,-9.64E-03,0.010588,-0.74453,2.95E-03
0.085,-0.015787,0.011114,-0.77242,-7.80E-03
0.0855,-7.58E-03,0.019622,-0.79046,0.027651
0.086,9.68E-03,0.014249,-0.81795,0.016432
0.0865,0.010643,0.025899,-0.85291,5.65E-03
0.087,8.10E-03,-7.56E-03,-0.85262,-0.01222
0.0875,6.22E-03,3.74E-03,-0.82744,0.045771
0.088,-7.54E-03,8.94E-03,-0.84618,-0.010961
0.0885,0.016736,0.011649,-0.82707,4.69E-03
0.089,-5.02E-03,0.018877,-0.80738,0.034933
0.0895,5.89E-03,-0.014711,-0.74751,5.09E-03
0.09,5.47E-03,1.13E-03,-0.72262,-0.051448
0.0905,4.96E-03,-0.012963,-0.64532,-5.97E-03
0.091,1.39E-03,-0.014765,-0.54912,7.12E-03
0.0915,-0.026262,-1.98E-03,-0.51404,7.00E-03
0.092,-0.026068,-4.45E-03,-0.42905,3.57E-03
0.0925,-0.01003,-0.012002,-0.32463,1.29E-03
0.093,-0.0187,-0.014476,-0.25306,0.01823
0.0935,-3.43E-03,0.012346,-0.14661,-0.013431
0.094,1.52E-04,6.53E-03,-0.054231,-9.58E-03
0.0945,-0.024197,-0.010269,0.049878,-0.035979
0.095,1.66E-03,0.016966,0.14697,-0.011068
0.0955,4.81E-03,-4.90E-03,0.27803,0.010458
0.096,7.20E-04,-0.024427,0.33872,0.02372
0.0965,-1.67E-03,9.00E-03,0.41207,9.03E-03
0.097,-7.34E-03,5.72E-03,0.48659,-0.016686
0.0975,9.17E-03,-0.022808,0.59133,0.042907
0.098,-9.92E-03,-9.86E-03,0.66372,-1.00E-03
0.0985,-5.89E-03,1.12E-03,0.72583,0.011023
0.099,5.68E-03,0.017863,0.76511,0.012773
0.0995,-9.20E-04,-9.88E-03,0.81837,0.013744
0.1,9.19E-03,6.43E-03,0.85351,0.027128
0.1005,0.012389,0.0184,0.87275,-0.013424
0.101,-2.31E-03,8.55E-03,0.86526,0.024892
0.1015,-8.45E-03,-0.019737,0.86184,8.35E-03
0.102,-0.023426,-1.18E-03,0.87811,-8.86E-03
0.1025,5.77E-03,-4.49E-03,0.84214,-0.01282
0.103,-0.014894,3.28E-03,0.80284,-1.10E-03
0.1035,-6.03E-03,1.13E-03,0.78391,-0.012243
0.104,-0.019757,8.99E-03,0.78132,-0.01609
0.1045,0.013279,8.06E-03,0.74041,9.96E-03
0.105,-8.39E-03,-2.12E-03,0.68513,9.47E-03
0.1055,8.47E-03,-0.010413,0.6608,-0.023851
0.106,-5.12E-03,-8.94E-04,0.58802,-0.010342
0.1065,6.36E-03,-0.014203,0.50245,0.031996
0.107,4.30E-03,0.014981,0.50342,-0.051254
0.1075,-2.26E-03,9.62E-03,0.46747,0.027871
0.108,-2.19E-04,8.03E-03,0.39358,9.94E-03
0.1085,8.11E-03,-0.010654,0.35189,0.025174
0.109,6.78E-04,-0.022921,0.34712,0.014451
0.1095,-1.87E-04,6.09E-03,0.29915,9.39E-03
0.11,-7.09E-03,-0.010194,0.28776,0.012203
0.1105,-0.012855,0.018872,0.21962,-5.70E-03
0.111,-0.010941,-0.015442,0.20334,0.016917
0.1115,0.020571,6.56E-03,0.17196,-0.027945
0.112,-5.94E-03,-0.012048,0.14573,-0.046082
0.1125,-4.17E-03,-8.06E-03,0.10224,7.42E-03
0.113,-3.30E-03,0.010506,0.12664,-0.023437
0.1135,0.014484,0.011642,0.08945,-0.043162
0.114,8.56E-03,-0.01192,0.075205,0.01927
0.1145,5.10E-03,0.013893,0.078354,8.02E-03
0.115,3.37E-03,6.34E-04,0.038001,0.023531
0.1155,0.028627,0.012995,0.028342,-0.012543
0.116,-9.18E-03,-0.011428,0.048468,-0.010393
0.1165,9.77E-03,0.017676,0.034362,-0.014274
0.117,-7.99E-03,-7.19E-03,0.048738,4.76E-03
0.1175,6.89E-03,9.52E-03,0.028777,-0.018658
0.118,8.70E-03,-0.023978,3.77E-04,-0.033481
0.1185,3.04E-03,7.32E-03,8.13E-03,-0.024155
0.119,0.021767,8.21E-03,7.40E-03,9.48E-03
0.1195,-2.17E-03,-0.0144,0.029979,7.76E-03
0.12,-0.01908,0.023436,-7.32E-03,-0.021817
0.1205,-8.66E-03,-0.023281,0.023001,-4.01E-03
0.121,-9.53E-05,2.53E-03,0.036764,-4.40E-03
0.1215,5.19E-03,-4.97E-03,-0.049393,0.015633
0.122,6.27E-03,8.75E-03,0.014584,-0.018234
0.1225,5.74E-03,-5.92E-04,0.018441,-0.030196
0.123,0.012333,8.00E-03,8.58E-03,-0.020083
0.1235,5.25E-03,-0.015356,0.010095,-7.65E-03
0.124,2.00E-03,-9.17E-04,-8.19E-04,-0.014043
0.1245,-2.24E-03,0.01491,-0.017965,0.042525
0.125,-0.010337,-0.025009,0.01967,0.046125
0.1255,4.88E-04,-7.47E-03,-3.05E-03,-0.026828
0.126,-4.53E-03,-0.029768,0.034384,-1.03E-03
0.1265,-0.012607,-0.011821,6.55E-03,-0.013201
0.127,0.018272,7.13E-03,-0.043999,-0.014913
0.1275,9.39E-03,0.01509,-5.92E-04,-0.024729
0.128,-0.013171,-2.08E-03,-0.011176,-0.014901
0.1285,6.59E-03,-3.20E-03,-0.013429,-6.45E-03
0.129,-3.07E-03,0.025227,-6.18E-03,-0.01337
0.1295,9.53E-03,0.017998,-1.62E-03,-8.83E-03
0.13,0.028142,0.01906,-7.65E-04,0.02359
0.1305,-3.26E-03,0.011191,-0.011075,0.025651
0.131,-4.15E-03,-0.010491,6.86E-03,-0.053026
0.1315,0.011429,0.020537,6.80E-03,-9.19E-04
0.132,-0.011671,8.11E-03,4.58E-03,-3.41E-03
0.1325,0.011543,5.40E-03,-0.031959,0.018078
0.133,-0.011744,-0.015197,-0.023504,0.011545
0.1335,2.11E-03,-4.54E-03,-1.73E-03,-0.013861
0.134,-1.14E-03,8.26E-03,-6.23E-03,3.24E-03
0.1345,-0.014713,-0.013926,-7.69E-03,-0.025956
0.135,0.016496,6.58E-03,0.019224,0.043645
0.1355,-6.13E-03,-4.66E-03,-0.013247,-3.89E-03
0.136,-1.02E-03,0.011344,-0.021598,0.018029
0.1365,-3.48E-03,0.028872,-1.34E-03,-0.021947
0.137,-2.15E-03,-0.012635,-0.018489,-0.010758
0.1375,7.91E-03,-6.87E-04,-3.19E-03,-0.050307
0.138,-8.68E-03,4.53E-03,-0.012555,-0.016393
0.1385,1.55E-03,-0.015366,5.06E-03,-3.24E-04
0.139,-2.39E-03,-0.02229,0.014482,-0.045008
0.1395,8.48E-03,0.016032,0.02531,-0.030857
0.14,-4.18E-03,-0.016987,-6.75E-03,-0.030808
0.1405,-7.91E-03,-0.011846,6.64E-03,-0.017202
0.141,0.015184,-7.49E-03,0.013098,-0.039465
0.1415,9.05E-03,0.024784,-0.030755,-0.031715
0.142,-4.11E-03,-3.86E-03,1.18E-03,-0.048284
0.1425,-0.019277,-6.66E-03,7.31E-03,-0.11917
0.143,-0.025115,-5.54E-03,0.015067,-0.094387
0.1435,0.017362,-1.59E-03,-4.84E-03,-0.11863
0.144,-0.013586,0.017416,-3.92E-03,-0.17026
0.1445,-0.0126,5.71E-03,-8.80E-04,-0.1847
0.145,0.01424,-7.33E-04,-0.02619,-0.17066
0.1455,-4.10E-03,-8.84E-03,3.34E-03,-0.28512
0.146,6.07E-03,0.011284,5.12E-03,-0.2883
0.1465,-4.80E-03,2.28E-03,-0.020885,-0.32799
0.147,-0.018761,4.28E-03,0.011422,-0.38782
0.1475,-2.96E-03,0.010976,0.020762,-0.44439
0.148,2.35E-03,-0.023987,1.72E-03,-0.49799
0.1485,7.71E-03,-7.03E-03,4.74E-03,-0.52824
0.149,7.37E-03,0.010689,4.79E-04,-0.60694
0.1495,-7.71E-03,-1.83E-03,0.024005,-0.66472
0.15,4.96E-03,-3.55E-03,2.31E-03,-0.72016
0.1505,-8.90E-03,0.014903,-1.17E-03,-0.79022
0.151,-5.07E-03,0.011335,-0.02658,-0.82195
0.1515,-1.90E-03,-5.90E-03,0.012645,-0.87305
0.152,4.38E-03,-0.020123,-2.03E-03,-0.88785
0.1525,2.83E-03,-0.02212,0.011019,-0.91815
0.153,-0.020998,5.01E-03,0.01677,-0.94024
0.1535,6.82E-04,7.53E-03,9.13E-03,-0.97478
0.154,-0.010788,4.84E-03,-9.01E-03,-0.98376
0.1545,-0.016116,-6.25E-03,4.68E-03,-0.95283
0.155,-0.0104,-1.72E-03,-0.019063,-0.8983
0.1555,0.012593,-0.017608,1.42E-03,-0.86879
0.156,0.014503,1.74E-03,2.90E-03,-0.90736
0.1565,-0.016844,0.023932,0.013878,-0.72302
0.157,0.014501,0.01736,2.30E-03,-0.69662
0.1575,7.01E-03,0.018873,-8.09E-03,-0.58497
0.158,2.92E-03,-6.12E-03,-0.031845,-0.50554
0.1585,-1.85E-03,9.45E-03,-6.40E-03,-0.37143
0.159,2.73E-03,0.016833,0.016337,-0.25571
0.1595,-5.63E-03,7.66E-03,8.09E-03,-0.14015
0.16,-0.011958,-3.23E-03,0.011518,0.055265
0.1605,-7.31E-03,0.018851,-8.96E-03,0.14603
0.161,0.014418,0.014196,-0.022602,0.27038
0.1615,1.29E-03,-0.021756,-3.63E-03,0.36249
0.162,-4.48E-03,2.36E-03,-0.012773,0.53771
0.1625,-7.29E-03,0.026221,-9.85E-03,0.63547
0.163,1.64E-03,-0.011132,-0.019051,0.75628
0.1635,0.013304,-0.012348,-0.028668,0.76244
0.164,3.20E-03,-8.55E-04,-8.47E-03,0.89089
0.1645,9.69E-03,0.012138,-0.017643,0.94732
0.165,-0.028617,-0.010246,-6.91E-03,0.95351
0.1655,1.84E-03,5.45E-03,4.51E-03,1.0119
0.166,-5.20E-03,-0.01697,-7.91E-03,1.0161
0.1665,-6.71E-03,0.015977,-0.031572,0.98215
0.167,4.66E-03,-8.14E-03,-0.017072,0.98906
0.1675,5.05E-03,-8.37E-03,0.044104,0.98797
0.168,-9.44E-03,-6.46E-03,-4.24E-03,0.92113
0.1685,-5.92E-03,-0.015195,0.022286,0.85386
0.169,7.20E-03,-0.011456,-0.010967,0.81861
0.1695,-3.73E-03,0.016985,-0.044899,0.72522
0.17,9.16E-03,2.25E-04,5.26E-03,0.71024
0.1705,4.78E-03,-2.09E-03,0.010042,0.65706
0.171,0.015024,0.031907,6.24E-03,0.56012
0.1715,-0.011015,-0.012337,0.02602,0.50567
0.172,0.015861,-0.028545,-2.79E-03,0.47046
0.1725,-5.61E-03,-2.64E-03,-0.023784,0.3969
0.173,-2.71E-04,3.73E-04,1.56E-03,0.32656
0.1735,0.011295,-0.012034,-0.024627,0.28521
0.174,-0.015342,-0.015753,-0.033515,0.27933
0.1745,-4.41E-03,-0.013121,0.016408,0.2264
0.175,0.014605,0.013214,-3.72E-03,0.1968
0.1755,-9.44E-03,3.04E-03,-0.021651,0.18768
0.176,-7.17E-03,-0.011835,3.74E-03,0.14755
0.1765,0.012993,-0.023268,7.09E-03,0.12433
0.177,2.62E-03,6.03E-03,-3.90E-05,0.084502
0.1775,-0.017799,0.015462,-0.010448,0.0775
0.178,-4.61E-03,-3.12E-04,7.30E-03,0.039725
0.1785,7.37E-03,-0.012123,-0.011428,0.059763
0.179,1.63E-03,-2.38E-04,-0.026571,0.019553
0.1795,2.30E-03,4.49E-03,4.50E-03,0.028245
0.18,8.18E-03,-6.32E-03,-0.011339,0.065218
0.1805,-5.45E-03,5.42E-03,-0.018597,0.048826
0.181,0.021431,0.012958,8.74E-04,-1.51E-03
0.1815,-0.010484,-7.75E-03,-3.30E-03,0.030589
0.182,9.44E-03,-9.48E-03,-0.027702,-0.015321
0.1825,-9.95E-03,5.51E-03,0.016467,0.031141
0.183,0.022384,-3.39E-03,-0.023718,-0.016086
0.1835,-5.75E-03,0.012113,0.016947,-0.037592
0.184,9.62E-03,-5.21E-03,0.018228,0.020842
0.1845,6.84E-04,0.017868,-0.019157,-0.033158
0.185,0.023589,0.020645,-0.03561,0.026545
0.1855,-3.79E-03,-4.86E-03,5.78E-03,0.027604
0.186,-0.012573,0.020436,0.014384,-0.020148
0.1865,1.68E-03,0.012397,-5.45E-03,0.010234
0.187,-0.01027,-0.012365,-0.018988,-0.012091
0.1875,-7.76E-03,3.79E-03,-4.46E-03,-8.64E-03
0.188,0.023193,-4.79E-03,1.14E-03,0.015288
0.1885,0.010124,-8.12E-03,-2.32E-03,1.38E-03
0.189,4.92E-04,0.031263,-0.012622,3.93E-03
0.1895,-9.62E-03,5.18E-03,-4.34E-03,6.14E-03
0.19,-3.56E-03,0.024929,-0.025824,3.20E-03
0.1905,-0.010009,0.017577,-6.62E-03,9.23E-03
0.191,0.013655,3.16E-03,4.52E-03,-8.54E-03
0.1915,-9.08E-03,0.012822,0.016189,-0.022302
0.192,0.013464,0.021378,-0.015644,0.034993
0.1925,-2.45E-03,-0.02109,0.028557,-0.025556
0.193,-0.01074,4.27E-03,5.38E-03,-6.24E-03
0.1935,-2.43E-03,5.41E-03,9.96E-03,8.71E-03
0.194,-0.020269,-0.017004,0.0197,-0.024474
0.1945,0.011617,6.65E-03,0.023479,-0.020122
0.195,0.014376,-9.65E-04,0.02613,-0.027576
0.1955,-7.47E-03,-0.010567,-0.010568,-0.010446
0.196,-7.37E-03,1.14E-03,1.62E-03,-0.015664
0.1965,-9.89E-03,0.037266,2.19E-03,0.029494
0.197,0.011868,-0.018809,0.023715,-0.016195
0.1975,7.76E-03,-0.013123,-0.018129,1.20E-03
0.198,5.08E-03,-0.020862,-0.028143,0.012603
0.1985,2.01E-03,4.66E-03,-5.52E-03,-0.023533
0.199,4.43E-03,9.06E-03,0.019938,0.021413
0.1995,6.71E-03,-0.014097,-0.011105,-0.02715
0.2,0.019166,0.012022,0.029606,0.035886
0.2005,-1.14E-03,-2.38E-03,7.91E-03,0.015985
0.201,7.34E-03,-2.12E-03,0.03256,-0.013531
0.2015,-9.06E-03,0.018001,0.01372,-0.027011
0.202,-2.20E-03,0.012948,0.035644,-0.011275
0.2025,-0.026864,1.82E-03,7.63E-03,-0.020937
0.203,7.21E-03,0.012905,-5.61E-03,-2.82E-03
0.2035,3.23E-03,-0.010692,-0.010245,0.013045
0.204,0.011311,-0.019598,8.85E-03,-0.011897
0.2045,-3.19E-03,7.20E-03,-8.88E-03,4.48E-03
0.205,2.25E-03,1.20E-03,-6.47E-03,0.030127
0.2055,-0.014843,0.014755,-0.019749,-0.028617
0.206,-6.39E-03,-5.33E-03,-9.60E-03,0.01119
0.2065,-6.38E-03,-3.55E-04,0.014324,-1.89E-03
0.207,-6.54E-03,-7.88E-03,5.88E-03,2.77E-03
0.2075,7.69E-03,0.041749,-0.011503,0.014922
0.208,6.51E-03,-5.69E-03,9.79E-03,0.01137
0.2085,-1.97E-03,-0.017359,2.36E-04,0.044331
0.209,-5.19E-03,-0.02396,3.40E-03,-0.04067
0.2095,7.20E-03,-1.42E-06,-8.64E-03,-0.011638
0.21,-6.46E-03,0.011466,5.65E-03,0.017926
0.2105,0.014112,-2.81E-04,-0.015585,-3.40E-03
0.211,6.10E-03,9.96E-03,-6.36E-03,0.021145
0.2115,8.13E-04,-0.01007,0.012478,0.016033
0.212,8.60E-03,0.029979,-7.48E-04,9.06E-03
0.2125,-2.38E-03,2.45E-03,-0.012263,-0.032555
0.213,-0.019955,0.021584,-0.015685,-0.012303
0.2135,1.45E-03,2.23E-04,-0.01697,0.010193
0.214,1.64E-03,-8.95E-04,0.011823,-8.20E-03
0.2145,-0.018521,0.017651,0.012305,-3.95E-03
0.215,9.26E-03,-2.33E-03,0.033047,-0.01718
0.2155,0.011939,0.01203,-5.40E-03,-0.010338
0.216,3.61E-03,-8.22E-04,-9.87E-03,9.47E-03
0.2165,7.64E-03,-0.012296,-0.031622,-0.021018
0.217,2.07E-03,2.89E-03,-0.027927,-0.037905
0.2175,-0.027214,0.022596,4.50E-03,0.015341
